Workbook

Sheet ריכוז תעודות
A1: מרחב | B1: אתר/יחידה | C1: שנה | D1: חודש | E1: סוג הפסולת | F1: כמות | G1: יחידת מידה | H1: סוג אסמכתא מצורפת | I1: מספר תעודה | J1: רמת ביטחון | K1: הערות | L1: קובץ מקור
B2: ירושלים - החאן מקטע 30.2 תיק 811257 | C2: 2026 | D2: מאי | E2: פסולת בנין | F2: 13200 | G2: ק"ג | H2: מ.נ מתקני מחזור בע"מ | I2: MNM-134419 | J2: בינונית | K2: שדות ליבה חסרים: מרחב | עמוד 1 מתוך 5 | נורמל מ-"ירושלים" | L2: 1945_אחלמה חודש 5.26.pdf
B3: ירושלים - החאן מקטע 30.2 תיק 811257 | C3: 2026 | D3: מאי | E3: פסולת בנין | F3: 6540 | G3: ק"ג | H3: מ.נ מתקני מחזור בע"מ | I3: MNM-134572 | J3: בינונית | K3: שדות ליבה חסרים: מרחב | עמוד 2 מתוך 5 | נורמל מ-"ירושלים" | L3: 1945_אחלמה חודש 5.26.pdf
B4: רחוב אחלמה 1 | C4: 2026 | D4: מאי | E4: פסולת בנין | F4: 11760 | G4: ק"ג | H4: מ.נ מתקני מחזור בע"מ | I4: MNM-134957 | J4: בינונית | K4: שדות ליבה חסרים: מרחב | עמוד 3 מתוך 5 | ספק/אתר חדש - לא קיים ברשימת הייחוס | L4: 1945_אחלמה חודש 5.26.pdf
B5: מכולות החברים | C5: 2026 | D5: מאי | E5: פסולת בנין | F5: 2820 | G5: ק"ג | H5: מ.נ מתקני מחזור בע"מ | I5: MNM-133610 | J5: בינונית | K5: תאריך עתידי חריג | שדות ליבה חסרים: מרחב | עמוד 4 מתוך 5 | ספק/אתר חדש - לא קיים ברשימת הייחוס | L5: 1945_אחלמה חודש 5.26.pdf
B6: ירושלים - החאן מקטע 30.2 תיק 811257 | C6: 2026 | D6: מאי | E6: פסולת בנין | F6: 4020 | G6: ק"ג | H6: מ.נ מתקני מחזור בע"מ | I6: MNM-133570 | J6: בינונית | K6: שדות ליבה חסרים: מרחב | עמוד 5 מתוך 5 | נורמל מ-"ירושלים" | L6: 1945_אחלמה חודש 5.26.pdf

Sheet סיכום
A1: סה"כ תעודות שעובדו
A2: סה"כ תעודות | B2: =COUNTA('ריכוז תעודות'!$L$2:$L$10000)
A4: פילוח לפי רמת ביטחון
A5: רמת ביטחון | B5: מספר תעודות
A6: גבוהה | B6: =COUNTIF('ריכוז תעודות'!$J$2:$J$10000,"גבוהה")
A7: בינונית | B7: =COUNTIF('ריכוז תעודות'!$J$2:$J$10000,"בינונית")
A8: נמוכה | B8: =COUNTIF('ריכוז תעודות'!$J$2:$J$10000,"נמוכה")
A10: כמות שפונתה לפי סוג פסולת ויחידת מידה
A11: סוג פסולת | B11: ק"ג | C11: טון | D11: מ"ק | E11: ליטר | F11: יחידות | G11: ללא יחידה מזוהה | H11: סה"כ
A12: גזם | B12: =SUMIFS('ריכוז תעודות'!$F$2:$F$10000,'ריכוז תעודות'!$E$2:$E$10000,"גזם",'ריכוז תעודות'!$G$2:$G$10000,"ק""ג") | C12: =SUMIFS('ריכוז תעודות'!$F$2:$F$10000,'ריכוז תעודות'!$E$2:$E$10000,"גזם",'ריכוז תעודות'!$G$2:$G$10000,"טון") | D12: =SUMIFS('ריכוז תעודות'!$F$2:$F$10000,'ריכוז תעודות'!$E$2:$E$10000,"גזם",'ריכוז תעודות'!$G$2:$G$10000,"מ""ק") | E12: =SUMIFS('ריכוז תעודות'!$F$2:$F$10000,'ריכוז תעודות'!$E$2:$E$10000,"גזם",'ריכוז תעודות'!$G$2:$G$10000,"ליטר") | F12: =SUMIFS('ריכוז תעודות'!$F$2:$F$10000,'ריכוז תעודות'!$E$2:$E$10000,"גזם",'ריכוז תעודות'!$G$2:$G$10000,"יחידות") | G12: =SUMIFS('ריכוז תעודות'!$F$2:$F$10000,'ריכוז תעודות'!$E$2:$E$10000,"גזם")-SUM(B12:F12) | H12: =SUM(B12:G12)
A13: קרטונים | B13: =SUMIFS('ריכוז תעודות'!$F$2:$F$10000,'ריכוז תעודות'!$E$2:$E$10000,"קרטונים",'ריכוז תעודות'!$G$2:$G$10000,"ק""ג") | C13: =SUMIFS('ריכוז תעודות'!$F$2:$F$10000,'ריכוז תעודות'!$E$2:$E$10000,"קרטונים",'ריכוז תעודות'!$G$2:$G$10000,"טון") | D13: =SUMIFS('ריכוז תעודות'!$F$2:$F$10000,'ריכוז תעודות'!$E$2:$E$10000,"קרטונים",'ריכוז תעודות'!$G$2:$G$10000,"מ""ק") | E13: =SUMIFS('ריכוז תעודות'!$F$2:$F$10000,'ריכוז תעודות'!$E$2:$E$10000,"קרטונים",'ריכוז תעודות'!$G$2:$G$10000,"ליטר") | F13: =SUMIFS('ריכוז תעודות'!$F$2:$F$10000,'ריכוז תעודות'!$E$2:$E$10000,"קרטונים",'ריכוז תעודות'!$G$2:$G$10000,"יחידות") | G13: =SUMIFS('ריכוז תעודות'!$F$2:$F$10000,'ריכוז תעודות'!$E$2:$E$10000,"קרטונים")-SUM(B13:F13) | H13: =SUM(B13:G13)
A14: נייר | B14: =SUMIFS('ריכוז תעודות'!$F$2:$F$10000,'ריכוז תעודות'!$E$2:$E$10000,"נייר",'ריכוז תעודות'!$G$2:$G$10000,"ק""ג") | C14: =SUMIFS('ריכוז תעודות'!$F$2:$F$10000,'ריכוז תעודות'!$E$2:$E$10000,"נייר",'ריכוז תעודות'!$G$2:$G$10000,"טון") | D14: =SUMIFS('ריכוז תעודות'!$F$2:$F$10000,'ריכוז תעודות'!$E$2:$E$10000,"נייר",'ריכוז תעודות'!$G$2:$G$10000,"מ""ק") | E14: =SUMIFS('ריכוז תעודות'!$F$2:$F$10000,'ריכוז תעודות'!$E$2:$E$10000,"נייר",'ריכוז תעודות'!$G$2:$G$10000,"ליטר") | F14: =SUMIFS('ריכוז תעודות'!$F$2:$F$10000,'ריכוז תעודות'!$E$2:$E$10000,"נייר",'ריכוז תעודות'!$G$2:$G$10000,"יחידות") | G14: =SUMIFS('ריכוז תעודות'!$F$2:$F$10000,'ריכוז תעודות'!$E$2:$E$10000,"נייר")-SUM(B14:F14) | H14: =SUM(B14:G14)
A15: אריזות | B15: =SUMIFS('ריכוז תעודות'!$F$2:$F$10000,'ריכוז תעודות'!$E$2:$E$10000,"אריזות",'ריכוז תעודות'!$G$2:$G$10000,"ק""ג") | C15: =SUMIFS('ריכוז תעודות'!$F$2:$F$10000,'ריכוז תעודות'!$E$2:$E$10000,"אריזות",'ריכוז תעודות'!$G$2:$G$10000,"טון") | D15: =SUMIFS('ריכוז תעודות'!$F$2:$F$10000,'ריכוז תעודות'!$E$2:$E$10000,"אריזות",'ריכוז תעודות'!$G$2:$G$10000,"מ""ק") | E15: =SUMIFS('ריכוז תעודות'!$F$2:$F$10000,'ריכוז תעודות'!$E$2:$E$10000,"אריזות",'ריכוז תעודות'!$G$2:$G$10000,"ליטר") | F15: =SUMIFS('ריכוז תעודות'!$F$2:$F$10000,'ריכוז תעודות'!$E$2:$E$10000,"אריזות",'ריכוז תעודות'!$G$2:$G$10000,"יחידות") | G15: =SUMIFS('ריכוז תעודות'!$F$2:$F$10000,'ריכוז תעודות'!$E$2:$E$10000,"אריזות")-SUM(B15:F15) | H15: =SUM(B15:G15)
A16: אלקטרוניקה | B16: =SUMIFS('ריכוז תעודות'!$F$2:$F$10000,'ריכוז תעודות'!$E$2:$E$10000,"אלקטרוניקה",'ריכוז תעודות'!$G$2:$G$10000,"ק""ג") | C16: =SUMIFS('ריכוז תעודות'!$F$2:$F$10000,'ריכוז תעודות'!$E$2:$E$10000,"אלקטרוניקה",'ריכוז תעודות'!$G$2:$G$10000,"טון") | D16: =SUMIFS('ריכוז תעודות'!$F$2:$F$10000,'ריכוז תעודות'!$E$2:$E$10000,"אלקטרוניקה",'ריכוז תעודות'!$G$2:$G$10000,"מ""ק") | E16: =SUMIFS('ריכוז תעודות'!$F$2:$F$10000,'ריכוז תעודות'!$E$2:$E$10000,"אלקטרוניקה",'ריכוז תעודות'!$G$2:$G$10000,"ליטר") | F16: =SUMIFS('ריכוז תעודות'!$F$2:$F$10000,'ריכוז תעודות'!$E$2:$E$10000,"אלקטרוניקה",'ריכוז תעודות'!$G$2:$G$10000,"יחידות") | G16: =SUMIFS('ריכוז תעודות'!$F$2:$F$10000,'ריכוז תעודות'!$E$2:$E$10000,"אלקטרוניקה")-SUM(B16:F16) | H16: =SUM(B16:G16)
A17: פסולת גושית | B17: =SUMIFS('ריכוז תעודות'!$F$2:$F$10000,'ריכוז תעודות'!$E$2:$E$10000,"פסולת גושית",'ריכוז תעודות'!$G$2:$G$10000,"ק""ג") | C17: =SUMIFS('ריכוז תעודות'!$F$2:$F$10000,'ריכוז תעודות'!$E$2:$E$10000,"פסולת גושית",'ריכוז תעודות'!$G$2:$G$10000,"טון") | D17: =SUMIFS('ריכוז תעודות'!$F$2:$F$10000,'ריכוז תעודות'!$E$2:$E$10000,"פסולת גושית",'ריכוז תעודות'!$G$2:$G$10000,"מ""ק") | E17: =SUMIFS('ריכוז תעודות'!$F$2:$F$10000,'ריכוז תעודות'!$E$2:$E$10000,"פסולת גושית",'ריכוז תעודות'!$G$2:$G$10000,"ליטר") | F17: =SUMIFS('ריכוז תעודות'!$F$2:$F$10000,'ריכוז תעודות'!$E$2:$E$10000,"פסולת גושית",'ריכוז תעודות'!$G$2:$G$10000,"יחידות") | G17: =SUMIFS('ריכוז תעודות'!$F$2:$F$10000,'ריכוז תעודות'!$E$2:$E$10000,"פסולת גושית")-SUM(B17:F17) | H17: =SUM(B17:G17)
A18: פסולת בנין | B18: =SUMIFS('ריכוז תעודות'!$F$2:$F$10000,'ריכוז תעודות'!$E$2:$E$10000,"פסולת בנין",'ריכוז תעודות'!$G$2:$G$10000,"ק""ג") | C18: =SUMIFS('ריכוז תעודות'!$F$2:$F$10000,'ריכוז תעודות'!$E$2:$E$10000,"פסולת בנין",'ריכוז תעודות'!$G$2:$G$10000,"טון") | D18: =SUMIFS('ריכוז תעודות'!$F$2:$F$10000,'ריכוז תעודות'!$E$2:$E$10000,"פסולת בנין",'ריכוז תעודות'!$G$2:$G$10000,"מ""ק") | E18: =SUMIFS('ריכוז תעודות'!$F$2:$F$10000,'ריכוז תעודות'!$E$2:$E$10000,"פסולת בנין",'ריכוז תעודות'!$G$2:$G$10000,"ליטר") | F18: =SUMIFS('ריכוז תעודות'!$F$2:$F$10000,'ריכוז תעודות'!$E$2:$E$10000,"פסולת בנין",'ריכוז תעודות'!$G$2:$G$10000,"יחידות") | G18: =SUMIFS('ריכוז תעודות'!$F$2:$F$10000,'ריכוז תעודות'!$E$2:$E$10000,"פסולת בנין")-SUM(B18:F18) | H18: =SUM(B18:G18)
A19: עודפי חפירה | B19: =SUMIFS('ריכוז תעודות'!$F$2:$F$10000,'ריכוז תעודות'!$E$2:$E$10000,"עודפי חפירה",'ריכוז תעודות'!$G$2:$G$10000,"ק""ג") | C19: =SUMIFS('ריכוז תעודות'!$F$2:$F$10000,'ריכוז תעודות'!$E$2:$E$10000,"עודפי חפירה",'ריכוז תעודות'!$G$2:$G$10000,"טון") | D19: =SUMIFS('ריכוז תעודות'!$F$2:$F$10000,'ריכוז תעודות'!$E$2:$E$10000,"עודפי חפירה",'ריכוז תעודות'!$G$2:$G$10000,"מ""ק") | E19: =SUMIFS('ריכוז תעודות'!$F$2:$F$10000,'ריכוז תעודות'!$E$2:$E$10000,"עודפי חפירה",'ריכוז תעודות'!$G$2:$G$10000,"ליטר") | F19: =SUMIFS('ריכוז תעודות'!$F$2:$F$10000,'ריכוז תעודות'!$E$2:$E$10000,"עודפי חפירה",'ריכוז תעודות'!$G$2:$G$10000,"יחידות") | G19: =SUMIFS('ריכוז תעודות'!$F$2:$F$10000,'ריכוז תעודות'!$E$2:$E$10000,"עודפי חפירה")-SUM(B19:F19) | H19: =SUM(B19:G19)
A20: מתכות | B20: =SUMIFS('ריכוז תעודות'!$F$2:$F$10000,'ריכוז תעודות'!$E$2:$E$10000,"מתכות",'ריכוז תעודות'!$G$2:$G$10000,"ק""ג") | C20: =SUMIFS('ריכוז תעודות'!$F$2:$F$10000,'ריכוז תעודות'!$E$2:$E$10000,"מתכות",'ריכוז תעודות'!$G$2:$G$10000,"טון") | D20: =SUMIFS('ריכוז תעודות'!$F$2:$F$10000,'ריכוז תעודות'!$E$2:$E$10000,"מתכות",'ריכוז תעודות'!$G$2:$G$10000,"מ""ק") | E20: =SUMIFS('ריכוז תעודות'!$F$2:$F$10000,'ריכוז תעודות'!$E$2:$E$10000,"מתכות",'ריכוז תעודות'!$G$2:$G$10000,"ליטר") | F20: =SUMIFS('ריכוז תעודות'!$F$2:$F$10000,'ריכוז תעודות'!$E$2:$E$10000,"מתכות",'ריכוז תעודות'!$G$2:$G$10000,"יחידות") | G20: =SUMIFS('ריכוז תעודות'!$F$2:$F$10000,'ריכוז תעודות'!$E$2:$E$10000,"מתכות")-SUM(B20:F20) | H20: =SUM(B20:G20)
A21: לא מסווג / לא מזוהה | B21: =SUMIF('ריכוז תעודות'!$G$2:$G$10000,"ק""ג",'ריכוז תעודות'!$F$2:$F$10000)-SUM(B12:B20) | C21: =SUMIF('ריכוז תעודות'!$G$2:$G$10000,"טון",'ריכוז תעודות'!$F$2:$F$10000)-SUM(C12:C20) | D21: =SUMIF('ריכוז תעודות'!$G$2:$G$10000,"מ""ק",'ריכוז תעודות'!$F$2:$F$10000)-SUM(D12:D20) | E21: =SUMIF('ריכוז תעודות'!$G$2:$G$10000,"ליטר",'ריכוז תעודות'!$F$2:$F$10000)-SUM(E12:E20) | F21: =SUMIF('ריכוז תעודות'!$G$2:$G$10000,"יחידות",'ריכוז תעודות'!$F$2:$F$10000)-SUM(F12:F20) | G21: =SUM('ריכוז תעודות'!$F$2:$F$10000)-SUM(H12:H20)-SUM(B21:F21) | H21: =SUM(B21:G21)
A22: סה"כ | B22: =SUM(B12:B21) | C22: =SUM(C12:C21) | D22: =SUM(D12:D21) | E22: =SUM(E12:E21) | F22: =SUM(F12:F21) | G22: =SUM(G12:G21) | H22: =SUM(H12:H21)
A24: פירוט לפי מרחב
A25: מרחב | B25: מספר תעודות | C25: סה"כ כמות (כל היחידות יחד)
A26: צפון | B26: =COUNTIF('ריכוז תעודות'!$A$2:$A$10000,"צפון") | C26: =SUMIF('ריכוז תעודות'!$A$2:$A$10000,"צפון",'ריכוז תעודות'!$F$2:$F$10000)
A27: דרום | B27: =COUNTIF('ריכוז תעודות'!$A$2:$A$10000,"דרום") | C27: =SUMIF('ריכוז תעודות'!$A$2:$A$10000,"דרום",'ריכוז תעודות'!$F$2:$F$10000)
A28: מרכז | B28: =COUNTIF('ריכוז תעודות'!$A$2:$A$10000,"מרכז") | C28: =SUMIF('ריכוז תעודות'!$A$2:$A$10000,"מרכז",'ריכוז תעודות'!$F$2:$F$10000)
A29: מטה | B29: =COUNTIF('ריכוז תעודות'!$A$2:$A$10000,"מטה") | C29: =SUMIF('ריכוז תעודות'!$A$2:$A$10000,"מטה",'ריכוז תעודות'!$F$2:$F$10000)
A30: ללא מרחב מזוהה | B30: =COUNTA('ריכוז תעודות'!$L$2:$L$10000)-SUM(B26:B29) | C30: =SUM('ריכוז תעודות'!$F$2:$F$10000)-SUM(C26:C29)
A31: סה"כ | B31: =SUM(B26:B30) | C31: =SUM(C26:C30)
